state,gender,education,customer_lifetime_value,income,monthly_premium_auto,policy_type,vehicle_class,total_claim_amount,open_compl
Washington,Unknown,Master,7936,0,1000,Personal Auto,Four-Door Car,2,0
Arizona,F,Bachelor,6979,0,94,Personal Auto,Four-Door Car,1131,0
Nevada,F,Bachelor,12887,48767,108,Personal Auto,Two-Door Car,566,0
California,M,Bachelor,7645,0,106,Corporate Auto,SUV,529,0
Washington,M,High School or Below,5363,36357,68,Personal Auto,Four-Door Car,17,0
Oregon,F,Bachelor,8256,62902,69,Personal Auto,Two-Door Car,159,0
Oregon,F,College,5380,55350,67,Corporate Auto,Four-Door Car,321,0
Arizona,M,Master,7216,0,101,Corporate Auto,Four-Door Car,363,0
Oregon,M,Bachelor,24127,14072,71,Corporate Auto,Four-Door Car,511,0
Oregon,F,College,7388,28812,93,Special Auto,Four-Door Car,425,0
California,M,College,4738,0,67,Personal Auto,Four-Door Car,482,0
California,Unknown,College,8197,0,110,Personal Auto,SUV,528,0
California,Unknown,Master,8798,77026,110,Corporate Auto,Four-Door Car,472,2
Arizona,Unknown,High School or Below,8819,99845,110,Corporate Auto,SUV,528,1
California,Unknown,College,5384,83689,70,Corporate Auto,Four-Door Car,307,2
Oregon,Unknown,Bachelor,7463,24599,64,Corporate Auto,Four-Door Car,42,1
Nevada,Unknown,High School or Below,2566,25049,67,Personal Auto,Two-Door Car,454,0
Oregon,Unknown,College,3945,28855,101,Personal Auto,SUV,647,0
Oregon,Unknown,College,5710,51148,72,Personal Auto,Four-Door Car,308,0
California,Unknown,High School or Below,8162,66140,101,Corporate Auto,Four-Door Car,484,0
Oregon,Unknown,High School or Below,2872,57749,74,Personal Auto,Two-Door Car,355,0
Washington,M,Bachelor,6177,61040,79,Personal Auto,Two-Door Car,20,1
Arizona,Unknown,Bachelor,24127,14072,71,Personal Auto,Four-Door Car,511,0
Nevada,Unknown,Bachelor,2450,0,73,Corporate Auto,Four-Door Car,554,3
California,Unknown,Bachelor,2392,17870,61,Corporate Auto,Four-Door Car,439,0
Oregon,Unknown,College,5802,97541,72,Personal Auto,Four-Door Car,389,0
California,Unknown,Bachelor,3946,0,111,Personal Auto,Four-Door Car,799,0
Washington,M,College,9162,29723,80,Personal Auto,Four-Door Car,20,0
Oregon,Unknown,College,12902,86584,111,Personal Auto,Four-Door Car,532,2
Oregon,Unknown,Master,3235,75690,80,Personal Auto,Four-Door Car,384,1
Arizona,Unknown,College,2454,23158,63,Personal Auto,Four-Door Car,322,1
Nevada,Unknown,High School or Below,18975,65999,237,Corporate Auto,Luxury,615,0
California,Unknown,Bachelor,4715,0,65,Personal Auto,Four-Door Car,308,0
Washington,F,College,4737,0,130,Personal Auto,SUV,23,0
Oregon,Unknown,Bachelor,4932,37260,62,Corporate Auto,Four-Door Car,15,0
Arizona,Unknown,High School or Below,5744,68987,71,Personal Auto,Four-Door Car,204,0
California,Unknown,Bachelor,13891,42305,117,Personal Auto,Four-Door Car,561,0
Oregon,Unknown,Master,7380,65706,91,Personal Auto,Four-Door Car,436,0
Oregon,Unknown,Bachelor,3090,0,90,Personal Auto,Two-Door Car,648,0
Arizona,Unknown,High School or Below,2521,53243,66,Personal Auto,Four-Door Car,157,2
Nevada,Unknown,High School or Below,2652,0,70,Corporate Auto,Two-Door Car,484,1
Oregon,Unknown,College,2771,50071,71,Corporate Auto,Two-Door Car,18,0
California,Unknown,Bachelor,3939,60021,99,Personal Auto,Four-Door Car,882,0
Arizona,Unknown,High School or Below,12231,43244,103,Personal Auto,Luxury,494,0
Washington,M,Doctor,4951,46896,35354,Personal Auto,Four-Door Car,31,1
Oregon,Unknown,Doctor,12819,10105,172,Personal Auto,SUV,0,3
Arizona,Unknown,Bachelor,4468,0,73,Personal Auto,Four-Door Car,579,3
Oregon,Unknown,High School or Below,5514,23218,71,Personal Auto,Two-Door Car,447,0
California,Unknown,Bachelor,3343,0,92,Corporate Auto,Four-Door Car,529,0
Arizona,Unknown,High School or Below,2294,0,62,Personal Auto,Four-Door Car,313,0
Oregon,Unknown,College,36707,24804,104,Personal Auto,SUV,593,0
California,Unknown,Bachelor,33473,33190,106,Corporate Auto,SUV,508,0
Nevada,Unknown,High School or Below,7983,36014,69,Special Auto,Four-Door Car,173,3
Washington,F,Master,4879,67163,61,Personal Auto,Two-Door Car,33,2
California,Unknown,Bachelor,4293,16701,113,Personal Auto,Four-Door Car,831,0
Arizona,Unknown,College,7164,46623,91,Corporate Auto,Four-Door Car,436,0
California,Unknown,College,7619,64749,64,Special Auto,Four-Door Car,302,0
Arizona,Unknown,High School or Below,3958,0,101,Personal Auto,SUV,484,0
Oregon,Unknown,High School or Below,4499,16969,124,Personal Auto,SUV,704,2
Oregon,Unknown,Master,4059,11621,108,Personal Auto,Four-Door Car,518,0
Arizona,Unknown,Bachelor,4458,17622,65,Personal Auto,Four-Door Car,312,1
California,Unknown,Bachelor,8110,11489,105,Personal Auto,Two-Door Car,504,0
Oregon,Unknown,Bachelor,3339,0,94,Personal Auto,Two-Door Car,863,0
California,Unknown,High School or Below,24261,66525,100,Personal Auto,SUV,104,0
Arizona,Unknown,Bachelor,6613,0,63,Personal Auto,Four-Door Car,676,0
Oregon,Unknown,College,2930,33663,73,Personal Auto,Four-Door Car,350,0
Oregon,Unknown,College,8672,22547,112,Corporate Auto,SUV,537,0
Oregon,Unknown,High School or Below,11638,61486,97,Personal Auto,Two-Door Car,465,0
Oregon,Unknown,Bachelor,6846,0,95,Personal Auto,Two-Door Car,456,0
California,Unknown,College,11727,29879,102,Personal Auto,Four-Door Car,500,0
Oregon,Unknown,High School or Below,22643,93011,113,Personal Auto,SUV,281,0
Oregon,Unknown,Master,2614,65186,65,Personal Auto,Two-Door Car,5,0
Oregon,Unknown,Master,2451,26840,64,Personal Auto,Four-Door Car,307,2
Oregon,Unknown,Bachelor,6781,0,104,Personal Auto,Luxury,982,1
Oregon,Unknown,Bachelor,4974,75644,65,Personal Auto,Two-Door Car,467,3
Oregon,Unknown,Bachelor,8591,38984,73,Personal Auto,Four-Door Car,350,0
Oregon,Unknown,High School or Below,5592,71811,71,Personal Auto,Four-Door Car,29,0
Nevada,Unknown,College,8009,20961,67,Personal Auto,Four-Door Car,321,0
Washington,F,Master,7936,41275,96,Personal Auto,Four-Door Car,41,0
California,Unknown,Bachelor,58166,61321,186,Personal Auto,Luxury,427,1
California,Unknown,College,8025,0,77,Personal Auto,Two-Door Car,25,0
California,Unknown,High School or Below,5780,51066,74,Personal Auto,Four-Door Car,787,0
California,Unknown,Doctor,4118,34378,102,Personal Auto,SUV,489,0
Nevada,Unknown,Master,2523,43072,63,Personal Auto,Four-Door Car,302,0
Oregon,Unknown,College,6554,25222,90,Personal Auto,Four-Door Car,475,0
Washington,F,Bachelor,5382,77552,68,Corporate Auto,Four-Door Car,45,1
California,Unknown,College,5926,23091,96,Personal Auto,Four-Door Car,460,5
California,Unknown,Bachelor,2683,48269,69,Corporate Auto,Four-Door Car,282,3
Oregon,Unknown,Bachelor,2695,32720,67,Personal Auto,Four-Door Car,321,0
California,Unknown,College,6047,20396,76,Personal Auto,Four-Door Car,364,1
Oregon,Unknown,College,13171,21513,119,Personal Auto,Two-Door Car,679,1
Washington,F,College,15950,0,87,Personal Auto,Two-Door Car,46,1
Oregon,Unknown,Bachelor,2527,80744,63,Corporate Auto,Four-Door Car,11,0
Oregon,Unknown,Bachelor,2672,52822,67,Corporate Auto,Two-Door Car,350,0
California,Unknown,High School or Below,5313,0,77,Personal Auto,Four-Door Car,863,1
Oregon,Unknown,Bachelor,20946,69738,74,Personal Auto,Four-Door Car,492,1
Oregon,Unknown,Master,8375,17780,109,Personal Auto,SUV,132,0
California,Unknown,Bachelor,4801,18107,62,Personal Auto,Four-Door Car,297,0
Oregon,Unknown,Bachelor,5745,57740,74,Personal Auto,Four-Door Car,269,3
Oregon,Unknown,College,6066,32627,76,Personal Auto,Two-Door Car,380,0
California,Unknown,College,8002,0,107,Personal Auto,SUV,513,0
California,Unknown,College,2393,0,70,Personal Auto,Four-Door Car,425,0
Oregon,Unknown,Bachelor,4762,65795,62,Corporate Auto,Two-Door Car,49,1
California,Unknown,College,4330,60475,107,Personal Auto,Four-Door Car,513,0
California,Unknown,High School or Below,9402,0,130,Personal Auto,SUV,936,0
Oregon,Unknown,Bachelor,6966,41837,88,Personal Auto,Four-Door Car,142,0
California,Unknown,Bachelor,7694,32303,65,Personal Auto,Four-Door Car,45,0
Oregon,Unknown,High School or Below,8717,0,117,Personal Auto,SUV,561,1
California,Unknown,Bachelor,5928,40531,74,Personal Auto,Two-Door Car,30,0
Oregon,Unknown,College,2452,79898,62,Corporate Auto,Four-Door Car,271,1
California,Unknown,College,6701,56398,85,Personal Auto,Four-Door Car,408,0
Washington,M,High School or Below,4996,71600,63,Personal Auto,Two-Door Car,46,0
Oregon,Unknown,College,8492,27804,109,Personal Auto,SUV,784,0
Oregon,Unknown,Bachelor,7713,45506,66,Personal Auto,Four-Door Car,316,2
Washington,F,Master,5185,99428,6464,Personal Auto,Four-Door Car,48,1
California,Unknown,High School or Below,7290,0,102,Corporate Auto,SUV,489,1
Oregon,Unknown,High School or Below,4772,20993,133,Personal Auto,SUV,638,0
Oregon,Unknown,High School or Below,6806,37839,86,Personal Auto,Two-Door Car,465,0
California,Unknown,Bachelor,2469,92711,62,Personal Auto,Two-Door Car,368,0
California,Unknown,College,3103,74665,78,Corporate Auto,Four-Door Car,236,2
Washington,F,College,10484,61108,89,Personal Auto,Four-Door Car,49,0
California,Unknown,Bachelor,8902,46833,112,Personal Auto,Luxury,64,0
Oregon,Unknown,High School or Below,5499,88768,68,Personal Auto,Two-Door Car,326,0
California,Unknown,High School or Below,15023,28262,192,Personal Auto,Luxury,921,0
Nevada,Unknown,Bachelor,2509,33555,63,Personal Auto,Four-Door Car,101,0
Oregon,Unknown,College,31221,42780,113,Personal Auto,Four-Door Car,542,1
Oregon,Unknown,Master,3133,58850,78,Personal Auto,Four-Door Car,143,0
Oregon,Unknown,College,3837,21880,97,Special Auto,Four-Door Car,424,0
Oregon,Unknown,College,11790,25251,66,Personal Auto,Four-Door Car,316,0
Washington,F,High School or Below,2829,25317,71,Personal Auto,Two-Door Car,50,0
Oregon,Unknown,High School or Below,4305,24188,109,Personal Auto,Luxury,523,0
Nevada,Unknown,Bachelor,5973,41611,74,Special Auto,Four-Door Car,113,0
Oregon,Unknown,Bachelor,5670,28406,72,Personal Auto,Four-Door Car,192,1
Oregon,Unknown,College,4731,69833,118,Personal Auto,Four-Door Car,828,0
Oregon,Unknown,High School or Below,8026,0,74,Corporate Auto,Four-Door Car,532,0
Oregon,Unknown,High School or Below,4022,0,117,Personal Auto,SUV,975,0
Oregon,Unknown,High School or Below,9618,80536,119,Special Auto,Luxury,53,0
Washington,F,Bachelor,7255,88891,89,Personal Auto,Four-Door Car,50,0
Oregon,Unknown,College,9552,97732,79,Personal Auto,Four-Door Car,289,0
Oregon,F,Bachelor,10388,61222,89,Special Auto,Four-Door Car,392,0
Oregon,M,College,2470,0,74,Personal Auto,Two-Door Car,721,0
Oregon,M,Master,5619,50335,140,Personal Auto,SUV,456,0
California,F,High School or Below,9047,0,127,Personal Auto,Luxury,1087,0
Washington,F,Doctor,2687,82210,68,Personal Auto,Four-Door Car,51,4
Oregon,F,High School or Below,3731,0,96,Personal Auto,Four-Door Car,460,0
Nevada,M,Bachelor,3660,64495,92,Corporate Auto,Four-Door Car,251,0
California,F,College,7928,0,72,Corporate Auto,Four-Door Car,345,0
Arizona,F,Bachelor,5011,28859,67,Corporate Auto,Two-Door Car,321,3
Arizona,F,High School or Below,7988,77330,99,Personal Auto,Four-Door Car,99,0
Oregon,M,College,3885,0,105,Corporate Auto,Four-Door Car,504,0
Washington,F,High School or Below,9357,33060,117,Personal Auto,Four-Door Car,56,0
Washington,M,Master,2540,42557,65,Personal Auto,Four-Door Car,57,0
Arizona,M,High School or Below,4885,26372,126,Personal Auto,SUV,604,0
Arizona,F,Bachelor,9753,17514,127,Personal Auto,SUV,8,0
California,Unknown,Bachelor,2946,89270,74,Personal Auto,Four-Door Car,316,0
California,M,High School or Below,2581,29757,65,Personal Auto,Four-Door Car,312,0
Oregon,M,College,3517,51814,92,Personal Auto,Four-Door Car,56,0
Oregon,F,Bachelor,9743,24028,82,Personal Auto,Four-Door Car,393,0
Arizona,M,College,3873,28142,105,Personal Auto,Luxury,701,0
Arizona,F,Bachelor,7649,52705,64,Personal Auto,Two-Door Car,128,1
California,M,High School or Below,2287,0,63,Corporate Auto,Two-Door Car,679,0
Washington,F,High School or Below,8255,54040,103,Personal Auto,SUV,59,0
California,F,College,8714,0,118,Personal Auto,SUV,566,0
Washington,F,Doctor,6819,22492,85,Personal Auto,Two-Door Car,61,0
California,M,Bachelor,7416,0,77,Personal Auto,Four-Door Car,554,2
Oregon,M,Master,7771,21876,68,Personal Auto,Four-Door Car,465,0
California,F,Bachelor,6968,0,69,Personal Auto,Four-Door Car,496,1
California,F,High School or Below,4250,0,61,Personal Auto,Four-Door Car,292,1
Oregon,F,High School or Below,19776,70699,82,Personal Auto,Four-Door Car,256,0
California,F,High School or Below,21343,0,74,Personal Auto,Four-Door Car,355,1
California,M,College,2413,27501,63,Personal Auto,Four-Door Car,542,0
Oregon,F,Doctor,15363,15897,101,Personal Auto,Four-Door Car,303,0
Nevada,F,College,8456,25141,73,Personal Auto,Four-Door Car,25,1
Nevada,F,College,2189,0,61,Personal Auto,Four-Door Car,292,3
California,M,High School or Below,5780,51066,74,Personal Auto,Four-Door Car,787,0
California,F,Bachelor,4639,28358,117,Personal Auto,Luxury,84,0
Washington,F,Doctor,3824,62530,95,Personal Auto,Four-Door Car,61,0
Arizona,F,Bachelor,5968,90972,74,Personal Auto,Two-Door Car,232,0
Washington,F,Bachelor,8590,63110,72,Personal Auto,Four-Door Car,68,0
California,F,Bachelor,4076,29549,104,Personal Auto,Luxury,710,0
California,F,Bachelor,12252,0,115,Personal Auto,Four-Door Car,552,1
Nevada,F,Bachelor,16936,39411,217,Personal Auto,Luxury,1122,2
Oregon,M,High School or Below,4892,21709,62,Personal Auto,Four-Door Car,408,0
Nevada,M,Bachelor,9942,67890,85,Personal Auto,Four-Door Car,408,0
California,M,Bachelor,3735,0,110,Personal Auto,SUV,792,0
California,F,High School or Below,13117,84311,111,Personal Auto,SUV,532,4
California,F,College,4574,99316,114,Corporate Auto,SUV,754,0
Arizona,F,Bachelor,5470,54507,138,Personal Auto,SUV,702,0
California,F,Bachelor,2978,64586,76,Personal Auto,Four-Door Car,206,0
Oregon,M,College,6410,61709,82,Personal Auto,Four-Door Car,275,2
California,M,Master,4479,94656,111,Special Auto,SUV,459,1
California,F,High School or Below,2383,0,69,Special Auto,Two-Door Car,496,0
California,M,Bachelor,2764,61085,70,Personal Auto,Two-Door Car,336,1
Oregon,F,Bachelor,7920,89284,67,Personal Auto,Two-Door Car,321,3
Arizona,F,High School or Below,6889,0,63,Personal Auto,Four-Door Car,302,0
Oregon,F,Bachelor,3274,31686,81,Personal Auto,Four-Door Car,430,0
Oregon,M,High School or Below,9951,56855,255,Corporate Auto,Luxury,1836,0
Oregon,M,Bachelor,2521,53703,67,Special Auto,Four-Door Car,67,2
Oregon,F,High School or Below,23706,0,96,Personal Auto,Two-Door Car,844,1
California,M,College,6047,20396,76,Personal Auto,Four-Door Car,364,1
California,F,Master,11140,27679,150,Personal Auto,SUV,722,0
Nevada,F,Bachelor,4334,23904,123,Personal Auto,SUV,590,3
Arizona,F,High School or Below,2799,65351,69,Corporate Auto,Four-Door Car,481,0
California,M,College,7923,0,113,Personal Auto,SUV,1124,0
California,M,High School or Below,3688,0,63,Personal Auto,Four-Door Car,669,3
California,M,College,12067,0,116,Personal Auto,SUV,1284,0
California,F,College,2924,64459,72,Personal Auto,Four-Door Car,240,0
California,M,College,15014,32961,190,Corporate Auto,SUV,912,0
Oregon,F,High School or Below,9277,71416,116,Corporate Auto,SUV,556,0
Oregon,F,Bachelor,6274,68964,78,Personal Auto,Four-Door Car,115,0
Oregon,M,High School or Below,3886,78108,98,Personal Auto,Two-Door Car,470,0
Oregon,M,College,4386,10621,67,Special Auto,Four-Door Car,321,0
Oregon,M,College,11365,84910,95,Corporate Auto,Two-Door Car,383,0
Oregon,Unknown,High School or Below,5610,77493,70,Special Auto,Four-Door Car,307,0
Arizona,M,College,2912,81097,74,Personal Auto,Four-Door Car,355,0
Oregon,Unknown,College,6915,96610,85,Corporate Auto,Four-Door Car,520,0
Oregon,M,College,6262,30110,159,Corporate Auto,Luxury,466,0
Oregon,Unknown,High School or Below,6503,22081,84,Special Auto,Two-Door Car,451,0
Oregon,Unknown,High School or Below,8007,0,112,Personal Auto,Luxury,537,0
Oregon,M,College,2929,98473,72,Personal Auto,Four-Door Car,345,0
Oregon,Unknown,Bachelor,5969,97431,74,Personal Auto,Four-Door Car,355,0
Oregon,M,Bachelor,5473,93870,69,Personal Auto,Four-Door Car,331,0
Nevada,M,High School or Below,5645,50366,72,Personal Auto,Four-Door Car,428,0
Oregon,M,High School or Below,6369,34498,83,Personal Auto,Two-Door Car,398,0
Oregon,Unknown,College,11833,16552,103,Personal Auto,SUV,494,0
Oregon,Unknown,College,6121,26787,77,Personal Auto,Four-Door Car,369,0
Nevada,M,College,5159,0,74,Personal Auto,Two-Door Car,831,0
Nevada,Unknown,High School or Below,2514,43860,65,Corporate Auto,Four-Door Car,156,0
Arizona,M,High School or Below,8668,21474,114,Corporate Auto,SUV,373,2
Oregon,M,Bachelor,4960,18174,66,Corporate Auto,Four-Door Car,395,0
Arizona,Unknown,Bachelor,5504,0,73,Corporate Auto,Four-Door Car,350,0
Arizona,M,College,7507,60920,64,Personal Auto,Two-Door Car,231,0
Arizona,M,High School or Below,32269,41520,90,Personal Auto,Four-Door Car,289,0
Oregon,Unknown,Bachelor,5657,0,152,Personal Auto,SUV,729,0
Arizona,M,High School or Below,5061,0,68,Personal Auto,Two-Door Car,326,0
Oregon,M,Bachelor,5912,72208,73,Personal Auto,Two-Door Car,350,0
Oregon,Unknown,Bachelor,15182,53863,63,Personal Auto,Four-Door Car,105,0
Oregon,M,College,10747,66446,136,Corporate Auto,SUV,639,0
Oregon,M,College,2050,0,61,Personal Auto,Four-Door Car,292,0
Oregon,Unknown,Bachelor,2465,64997,63,Personal Auto,Four-Door Car,383,1
Nevada,Unknown,High School or Below,5343,64460,66,Corporate Auto,Two-Door Car,316,0
Arizona,Unknown,College,8119,46618,67,Personal Auto,Four-Door Car,99,0
Oregon,Unknown,College,4605,0,64,Corporate Auto,Four-Door Car,307,0
Oregon,M,College,6408,49988,84,Personal Auto,Two-Door Car,566,5
Oregon,Unknown,College,2376,0,91,Personal Auto,Two-Door Car,436,5
Oregon,M,Bachelor,3211,16269,86,Corporate Auto,Two-Door Car,412,0
Arizona,F,Bachelor,5094,72006,64,Personal Auto,Four-Door Car,307,0
Arizona,F,High School or Below,25755,0,81,Personal Auto,Four-Door Car,388,2
Oregon,M,Bachelor,8672,0,245,Corporate Auto,Luxury,2345,0
Oregon,M,Master,8044,44320,67,Personal Auto,Four-Door Car,321,0
Arizona,F,High School or Below,4001,19782,108,Personal Auto,Two-Door Car,773,0
Nevada,F,Bachelor,16706,63933,70,Personal Auto,Two-Door Car,424,0
Arizona,M,Doctor,8544,28224,109,Personal Auto,SUV,523,0
Oregon,F,College,7805,21073,106,Personal Auto,SUV,508,1
Oregon,M,Bachelor,6112,63243,77,Personal Auto,Four-Door Car,364,0
Nevada,M,High School or Below,4772,20993,133,Personal Auto,SUV,638,0
Oregon,F,Bachelor,10979,94827,135,Personal Auto,SUV,354,0
Oregon,F,Master,5004,39161,63,Personal Auto,Two-Door Car,283,1
Oregon,M,Bachelor,13223,37534,84,Personal Auto,Four-Door Car,403,2
Oregon,F,Bachelor,2623,80210,65,Corporate Auto,Four-Door Car,20,0
Oregon,M,Bachelor,17840,0,62,Personal Auto,Four-Door Car,385,0
Oregon,F,College,5106,30110,64,Personal Auto,Four-Door Car,140,0
Arizona,F,College,17930,21708,68,Personal Auto,Four-Door Car,326,0
Arizona,M,High School or Below,5457,94731,67,Personal Auto,Four-Door Car,321,0
Oregon,M,Bachelor,6563,32375,83,Personal Auto,Four-Door Car,398,0
Oregon,M,College,4812,16531,63,Corporate Auto,Four-Door Car,102,0
Arizona,F,Master,29328,32006,94,Corporate Auto,Four-Door Car,56,0
Arizona,F,Bachelor,5773,81676,72,Personal Auto,Two-Door Car,463,0
Oregon,M,College,6847,71038,86,Corporate Auto,Four-Door Car,205,0
Arizona,F,High School or Below,3595,0,103,Corporate Auto,Luxury,741,0
Nevada,F,Master,22855,20832,65,Personal Auto,Two-Door Car,56,0
Oregon,M,High School or Below,7859,0,113,Personal Auto,SUV,813,0
Oregon,M,High School or Below,4115,52405,103,Personal Auto,Four-Door Car,494,0
Arizona,F,High School or Below,5029,0,133,Personal Auto,Luxury,795,0
Oregon,F,Bachelor,4821,26583,1005,Personal Auto,SUV,614,4
Oregon,M,Master,5004,25486,65,Special Auto,Two-Door Car,72,0
Arizona,M,College,8630,24065,111,Corporate Auto,Four-Door Car,532,0
Arizona,F,High School or Below,9322,70435,116,Personal Auto,Four-Door Car,67,0
Oregon,M,College,16727,0,76,Personal Auto,Two-Door Car,402,2
Oregon,F,High School or Below,3652,39679,92,Personal Auto,Two-Door Car,641,0
Nevada,M,College,6158,0,89,Personal Auto,Four-Door Car,342,0
Oregon,M,Bachelor,4376,0,69,Personal Auto,Two-Door Car,331,4
Nevada,M,High School or Below,5569,53565,71,Personal Auto,Four-Door Car,340,1
Oregon,M,Bachelor,2576,37574,66,Personal Auto,Two-Door Car,412,1
Oregon,M,Bachelor,8346,48259,108,Personal Auto,Two-Door Car,73,0
Arizona,F,High School or Below,6323,78532,78,Personal Auto,Four-Door Car,374,0
Arizona,F,Bachelor,5973,96163,73,Corporate Auto,Four-Door Car,350,0
Oregon,M,Bachelor,4706,0,72,Personal Auto,Four-Door Car,345,0
Oregon,M,High School or Below,8093,0,114,Personal Auto,Luxury,722,1
Oregon,M,College,5035,72672,63,Personal Auto,Four-Door Car,259,0
Oregon,F,Bachelor,9027,99002,112,Personal Auto,Four-Door Car,537,1
California,M,High School or Below,7288,79494,91,Personal Auto,Four-Door Car,396,0
Oregon,M,Master,18042,35704,225,Personal Auto,Luxury,358,0
Arizona,F,Bachelor,4992,0,71,Corporate Auto,Four-Door Car,653,0
Oregon,F,High School or Below,9102,26049,118,Personal Auto,Two-Door Car,121,0
Arizona,M,Doctor,2540,70125,64,Special Auto,Four-Door Car,92,0
California,M,College,12941,52369,110,Personal Auto,SUV,528,1
Oregon,F,Bachelor,2365,0,66,Special Auto,Four-Door Car,159,2
Arizona,M,College,5720,41770,72,Personal Auto,Four-Door Car,476,0
Oregon,M,High School or Below,7035,0,101,Corporate Auto,Four-Door Car,727,0
California,M,College,2636,31911,67,Personal Auto,Four-Door Car,321,0
Nevada,M,Bachelor,5395,70051,68,Corporate Auto,Four-Door Car,42,0
Oregon,M,High School or Below,8382,19683,117,Personal Auto,Luxury,561,1
Oregon,F,College,31161,30916,112,Personal Auto,SUV,200,0
Oregon,F,Bachelor,2887,0,80,Personal Auto,Four-Door Car,676,0
Washington,M,College,7425,84302,62,Personal Auto,Four-Door Car,76,0
California,M,Bachelor,25585,0,116,Corporate Auto,SUV,830,0
Oregon,M,College,10272,60145,132,Personal Auto,SUV,580,0
Oregon,F,Bachelor,4376,63774,111,Personal Auto,Four-Door Car,60,0
California,F,Bachelor,5318,25134,67,Corporate Auto,Four-Door Car,321,0
Oregon,M,Bachelor,4719,37057,61,Personal Auto,Four-Door Car,47,1
Oregon,F,High School or Below,4428,58577,110,Personal Auto,SUV,303,0
California,M,High School or Below,5879,85857,73,Corporate Auto,Four-Door Car,100,0
Oregon,F,Doctor,9416,70602,116,Personal Auto,SUV,481,0
Oregon,F,Master,8288,33816,106,Corporate Auto,Four-Door Car,508,2
Oregon,M,Bachelor,32654,0,153,Personal Auto,SUV,1101,0
Oregon,F,College,4719,89642,121,Corporate Auto,SUV,86,4
California,F,Bachelor,3903,60068,98,Personal Auto,Two-Door Car,470,0
California,F,Bachelor,5457,50044,139,Personal Auto,SUV,667,0
California,F,Master,2725,36650,69,Personal Auto,Four-Door Car,56,1
Arizona,F,College,4433,50653,110,Corporate Auto,SUV,262,0
Arizona,F,Doctor,5332,68931,66,Personal Auto,Four-Door Car,309,0
Oregon,M,Bachelor,2315,0,73,Corporate Auto,Four-Door Car,350,1
California,F,College,5411,0,73,Personal Auto,Four-Door Car,365,0
California,M,Bachelor,9587,39266,80,Personal Auto,Four-Door Car,384,0
California,M,College,22103,0,102,Personal Auto,SUV,489,0
Nevada,F,High School or Below,9764,0,98,Personal Auto,Four-Door Car,705,1
Nevada,F,Bachelor,2567,40864,65,Corporate Auto,Four-Door Car,9,0
Oregon,F,College,2650,39035,68,Personal Auto,Four-Door Car,244,0
California,M,Bachelor,11264,34923,98,Personal Auto,Two-Door Car,639,0
California,M,High School or Below,2168,0,63,Personal Auto,Four-Door Car,453,0
California,F,High School or Below,8610,0,111,Corporate Auto,SUV,532,0
California,F,College,2834,24506,71,Personal Auto,Two-Door Car,511,0
Oregon,M,High School or Below,8930,0,82,Personal Auto,Four-Door Car,554,0
Arizona,F,College,5536,52220,70,Personal Auto,Four-Door Car,336,1
Arizona,M,High School or Below,2840,0,74,Personal Auto,Two-Door Car,402,0
California,M,College,8082,53554,67,Personal Auto,Four-Door Car,327,0
California,M,Bachelor,5254,34476,67,Corporate Auto,Four-Door Car,5,1
Arizona,F,Bachelor,5116,0,70,Personal Auto,Four-Door Car,131,0
California,M,College,3034,68205,76,Personal Auto,Two-Door Car,99,0
California,F,High School or Below,8024,0,119,Personal Auto,SUV,856,1
California,M,High School or Below,18211,53690,154,Personal Auto,SUV,739,0
Oregon,M,High School or Below,5121,0,72,Personal Auto,Four-Door Car,518,0
California,F,High School or Below,2150,0,61,Personal Auto,Four-Door Car,292,0
California,F,High School or Below,5595,74454,71,Personal Auto,Four-Door Car,340,0
Nevada,F,Bachelor,7562,0,73,Personal Auto,Four-Door Car,350,0
Oregon,M,High School or Below,5385,29664,71,Personal Auto,Four-Door Car,340,0
Washington,F,Doctor,2678,72450,66,Corporate Auto,Four-Door Car,84,0
Nevada,F,Bachelor,9422,47272,79,Personal Auto,Four-Door Car,64,3
Oregon,F,College,3605,21585,92,Corporate Auto,Four-Door Car,441,0
California,F,College,7762,23827,106,Personal Auto,Four-Door Car,37,2
Arizona,F,College,23444,69906,74,Corporate Auto,Four-Door Car,202,2
California,F,High School or Below,2558,0,72,Corporate Auto,Four-Door Car,345,0
Washington,M,Master,2654,73196,66,Personal Auto,Four-Door Car,85,1
Washington,M,Bachelor,2549,72217,6464,Personal Auto,Four-Door Car,91,0
California,M,High School or Below,2969,46131,74,Personal Auto,Two-Door Car,355,0
Oregon,F,Master,4363,54514,109,Personal Auto,SUV,286,3
California,F,High School or Below,5884,0,161,Personal Auto,SUV,1159,0
Nevada,F,College,5272,96668,66,Personal Auto,Four-Door Car,316,0
California,M,Doctor,5509,78879,69,Personal Auto,Four-Door Car,466,1
Nevada,M,College,16313,0,69,Personal Auto,Four-Door Car,331,0
Arizona,F,Bachelor,5678,0,76,Personal Auto,Four-Door Car,364,0
California,F,Bachelor,12101,0,112,Personal Auto,Luxury,1252,0
Oregon,M,Bachelor,2453,29735,69,Personal Auto,Four-Door Car,331,0
California,M,High School or Below,5075,23082,65,Special Auto,Four-Door Car,312,0
Arizona,M,Bachelor,3214,53984,80,Corporate Auto,Four-Door Car,421,0
California,F,College,12275,52135,156,Personal Auto,SUV,430,0
California,F,College,2722,17576,71,Corporate Auto,Four-Door Car,398,0
Oregon,F,Bachelor,2457,29486,62,Personal Auto,Four-Door Car,7,0
Oregon,F,Master,3554,58557,88,Corporate Auto,Four-Door Car,55,0
California,M,Bachelor,4929,25632,63,Personal Auto,Two-Door Car,351,0
California,F,High School or Below,8036,0,112,Personal Auto,Luxury,806,0
Arizona,M,Bachelor,4276,18768,68,Corporate Auto,Four-Door Car,647,3
California,F,Bachelor,33473,33190,106,Personal Auto,SUV,508,0
Oregon,F,Master,5960,47945,74,Personal Auto,Two-Door Car,128,0
Arizona,M,College,44795,58778,126,Special Auto,SUV,302,0
California,F,High School or Below,3832,15192,100,Personal Auto,SUV,480,0
California,F,Bachelor,6837,51859,171,Personal Auto,SUV,1003,0
Nevada,F,High School or Below,5285,23422,72,Personal Auto,Two-Door Car,518,0
California,F,College,3096,21604,79,Corporate Auto,Four-Door Car,379,0
Arizona,M,College,3589,79298,90,Personal Auto,Four-Door Car,244,0
Arizona,F,Bachelor,2582,76731,64,Special Auto,Four-Door Car,201,0
Washington,M,College,3403,38460,88,Personal Auto,Four-Door Car,91,1
Arizona,F,College,13575,48534,115,Personal Auto,SUV,552,1
Washington,M,Doctor,3436,30817,88,Corporate Auto,Four-Door Car,91,0
Oregon,F,College,28685,48412,104,Personal Auto,SUV,707,0
Washington,M,Bachelor,4502,68798,114,Personal Auto,SUV,92,0
Oregon,M,Bachelor,6183,23712,85,Personal Auto,Four-Door Car,376,0
California,M,College,3873,28142,105,Personal Auto,Luxury,701,0
California,F,Master,18929,72196,68,Personal Auto,Four-Door Car,152,0
California,M,Master,5553,68197,69,Personal Auto,Four-Door Car,176,0
California,M,Bachelor,5011,75248,63,Corporate Auto,Four-Door Car,104,0
California,F,College,10442,0,98,Personal Auto,Four-Door Car,941,0
Nevada,M,Bachelor,2199,0,65,Personal Auto,Two-Door Car,468,1
Washington,F,Master,5123,89879,63,Personal Auto,Two-Door Car,94,0
Oregon,M,High School or Below,7484,46998,96,Corporate Auto,Four-Door Car,460,0
Oregon,M,Bachelor,2613,57099,67,Personal Auto,Two-Door Car,67,0
Arizona,F,Bachelor,9080,33897,114,Corporate Auto,SUV,539,0
Nevada,F,High School or Below,13770,59207,116,Personal Auto,Four-Door Car,556,0
Oregon,M,High School or Below,2876,40171,73,Personal Auto,Four-Door Car,350,0
Washington,M,Doctor,5408,80192,67,Personal Auto,Four-Door Car,95,0
Washington,M,High School or Below,6770,74422,85,Personal Auto,Four-Door Car,95,1
Oregon,M,College,24143,0,87,Special Auto,Four-Door Car,626,0
Arizona,F,College,3538,0,67,Personal Auto,Four-Door Car,321,5
Nevada,F,Bachelor,29091,34226,244,Personal Auto,Luxury,494,0
California,F,High School or Below,19834,65989,123,Personal Auto,SUV,115,1
Oregon,M,High School or Below,4731,30686,61,Corporate Auto,Four-Door Car,19,0
California,F,Master,35537,0,113,Personal Auto,Luxury,799,0
Arizona,F,High School or Below,34611,20090,109,Personal Auto,Luxury,523,0
California,M,High School or Below,20216,0,183,Personal Auto,Luxury,878,0
Oregon,M,College,13976,77094,176,Personal Auto,SUV,444,0
California,F,College,5904,97413,73,Personal Auto,Four-Door Car,268,0
Oregon,F,Master,5595,79189,69,Corporate Auto,Four-Door Car,331,0
California,F,High School or Below,2294,0,62,Personal Auto,Two-Door Car,297,0
Arizona,F,College,6273,18577,86,Personal Auto,Four-Door Car,412,0
Oregon,F,College,3726,0,112,Special Auto,Luxury,806,1
Washington,M,High School or Below,2656,62777,67,Personal Auto,Two-Door Car,101,0
Oregon,M,Bachelor,5110,0,74,Corporate Auto,Four-Door Car,532,0
Nevada,M,College,7126,17483,183,Personal Auto,Luxury,1317,0
Oregon,M,Master,4601,84394,114,Personal Auto,SUV,691,0
Oregon,M,College,9155,0,127,Personal Auto,Luxury,804,0
Oregon,F,College,14808,41440,62,Personal Auto,Four-Door Car,297,1
Arizona,M,High School or Below,8901,0,136,Personal Auto,Luxury,1090,1
Oregon,F,College,5734,98132,71,Personal Auto,Two-Door Car,50,0
Oregon,F,High School or Below,4177,0,112,Personal Auto,Four-Door Car,537,0
California,M,Bachelor,27776,88220,230,Personal Auto,Luxury,151,0
Arizona,F,Master,10364,58327,129,Personal Auto,SUV,347,0
Oregon,M,Master,7851,25950,66,Personal Auto,Two-Door Car,271,0
Oregon,M,High School or Below,4772,20993,133,Corporate Auto,SUV,638,0
Oregon,M,High School or Below,14226,65726,177,Corporate Auto,SUV,849,0
Washington,M,Bachelor,2875,84768,72,Personal Auto,Two-Door Car,110,0
Washington,F,Bachelor,5041,36234,63,Personal Auto,Four-Door Car,113,0
California,M,College,4362,58842,110,Personal Auto,Four-Door Car,528,0
Oregon,F,Master,9624,25629,124,Corporate Auto,Luxury,595,2
Washington,F,College,21914,77311,181,Personal Auto,SUV,113,0
California,M,Doctor,6948,0,196,Personal Auto,Luxury,1337,2
Washington,M,High School or Below,2471,95697,61,Personal Auto,Two-Door Car,114,0
Oregon,F,Bachelor,21903,22254,79,Personal Auto,Four-Door Car,125,0
Nevada,M,High School or Below,9028,65974,113,Personal Auto,Luxury,235,0
Oregon,F,College,5303,0,76,Personal Auto,Four-Door Car,395,0
Washington,M,High School or Below,20708,92079,65,Corporate Auto,Four-Door Car,114,1
Nevada,M,High School or Below,5123,0,74,Personal Auto,Two-Door Car,772,0
Oregon,M,College,9492,0,132,Personal Auto,SUV,633,0
Oregon,F,High School or Below,8204,0,73,Personal Auto,Four-Door Car,350,0
Arizona,F,College,9877,67752,131,Personal Auto,Luxury,168,4
California,F,Bachelor,4815,25398,64,Corporate Auto,Four-Door Car,307,0
California,M,High School or Below,6277,0,88,Personal Auto,Four-Door Car,633,0
California,M,High School or Below,8260,33321,105,Special Auto,SUV,504,0
Nevada,M,Bachelor,2549,0,78,Corporate Auto,Four-Door Car,845,0
Washington,Unknown,College,11318,38923,99,Personal Auto,Four-Door Car,115,2
Oregon,F,Bachelor,3803,20325,100,Personal Auto,Luxury,668,0
Oregon,M,Bachelor,8635,13129,117,Personal Auto,SUV,700,0
Oregon,F,High School or Below,5510,0,73,Personal Auto,Four-Door Car,525,0
Nevada,M,Master,3585,49080,91,Corporate Auto,Four-Door Car,25,0
Nevada,M,College,4889,42536,63,Personal Auto,Four-Door Car,375,0
Oregon,M,Bachelor,2756,29926,74,Corporate Auto,Four-Door Car,418,0
Nevada,M,Doctor,3289,0,86,Corporate Auto,Two-Door Car,398,0
California,F,Bachelor,10937,21450,138,Personal Auto,Luxury,938,0
California,M,High School or Below,7375,33345,65,Corporate Auto,Four-Door Car,338,0
California,F,Bachelor,10110,15752,90,Corporate Auto,Two-Door Car,339,0
Oregon,F,High School or Below,5119,40169,65,Personal Auto,Four-Door Car,302,1
California,F,College,8533,26049,113,Personal Auto,SUV,619,1
Nevada,M,College,2224,0,68,Personal Auto,Four-Door Car,326,0
Arizona,M,Doctor,8042,55411,100,Personal Auto,Luxury,259,0
Oregon,M,College,2554,12459,70,Personal Auto,Four-Door Car,336,0
Oregon,M,Bachelor,18073,64620,76,Personal Auto,Two-Door Car,364,1
California,M,Bachelor,2430,83140,61,Corporate Auto,Four-Door Car,179,0
Oregon,F,Bachelor,3167,0,92,Corporate Auto,Four-Door Car,662,0
Arizona,F,Bachelor,5465,54422,68,Corporate Auto,Four-Door Car,75,0
California,M,College,10357,68309,131,Corporate Auto,SUV,306,0
California,M,High School or Below,2537,56621,65,Personal Auto,Four-Door Car,84,2
Arizona,F,College,2821,38977,70,Special Auto,Four-Door Car,139,0
Oregon,M,Bachelor,7757,0,111,Corporate Auto,Two-Door Car,607,0
Oregon,M,High School or Below,4079,0,114,Corporate Auto,Two-Door Car,631,0
Oregon,F,College,5955,0,83,Personal Auto,Four-Door Car,628,0
Oregon,F,Bachelor,14158,83235,70,Personal Auto,Two-Door Car,336,0
Nevada,M,College,8487,0,74,Personal Auto,Two-Door Car,426,0
Oregon,M,College,6285,32390,80,Personal Auto,Four-Door Car,91,0
Oregon,F,High School or Below,11473,66538,95,Personal Auto,Two-Door Car,317,0
Washington,F,College,4942,23285,65,Personal Auto,Two-Door Car,118,0
Oregon,M,Bachelor,23594,76358,66,Personal Auto,Four-Door Car,86,0
Washington,M,Master,2572,21104,66,Personal Auto,Four-Door Car,118,0
Oregon,F,College,5380,55350,67,Personal Auto,Four-Door Car,321,0
California,F,College,4770,12964,65,Personal Auto,Two-Door Car,362,0
Oregon,F,Master,6756,33288,86,Personal Auto,Four-Door Car,221,2
Oregon,F,College,5936,0,84,Personal Auto,Four-Door Car,980,0
Oregon,F,Bachelor,3570,56168,88,Personal Auto,Four-Door Car,614,0
California,M,College,6019,0,92,Personal Auto,Four-Door Car,662,0
Oregon,M,High School or Below,5426,23105,69,Personal Auto,Two-Door Car,331,0
Oregon,F,Master,2730,36218,68,Personal Auto,Four-Door Car,145,0
California,F,High School or Below,4982,52275,62,Corporate Auto,Four-Door Car,374,0
Oregon,F,College,8769,49665,74,Personal Auto,Four-Door Car,355,0
Nevada,M,High School or Below,4220,32471,110,Personal Auto,Two-Door Car,528,0
Oregon,M,High School or Below,11537,0,86,Corporate Auto,Two-Door Car,619,1
California,F,Master,5887,62773,73,Personal Auto,Four-Door Car,80,0
California,F,College,4700,76694,117,Personal Auto,SUV,561,0
Oregon,M,High School or Below,10963,55687,276,Personal Auto,Luxury,1324,0
Oregon,F,High School or Below,2523,0,70,Personal Auto,Four-Door Car,504,0
Nevada,M,Doctor,3757,36633,96,Personal Auto,Four-Door Car,460,1
Oregon,M,High School or Below,12941,77060,106,Personal Auto,SUV,468,0
Nevada,F,Bachelor,3764,92600,94,Corporate Auto,Two-Door Car,842,0
California,M,High School or Below,6889,0,66,Personal Auto,Four-Door Car,475,0
Nevada,M,College,3623,0,111,Corporate Auto,SUV,1171,2
Oregon,M,College,7582,64801,64,Personal Auto,Four-Door Car,268,0
Oregon,F,College,8277,45257,103,Corporate Auto,Two-Door Car,494,0
California,M,High School or Below,2576,26854,66,Personal Auto,Four-Door Car,475,0
Oregon,F,College,8205,85840,102,Corporate Auto,SUV,138,2
Oregon,F,Doctor,19582,26463,72,Corporate Auto,Four-Door Car,345,0
Nevada,F,Bachelor,6481,30689,81,Personal Auto,Four-Door Car,467,0
Oregon,M,High School or Below,2599,29590,66,Corporate Auto,Two-Door Car,467,0
Oregon,F,College,9830,25965,253,Personal Auto,Luxury,1214,0
Oregon,M,Bachelor,10442,17269,139,Personal Auto,SUV,667,0
Oregon,M,College,36057,90330,137,Corporate Auto,Luxury,192,3
California,F,High School or Below,8470,0,113,Corporate Auto,SUV,619,0
California,F,High School or Below,8278,0,110,Personal Auto,Four-Door Car,1002,0
California,F,High School or Below,4788,0,67,Personal Auto,Two-Door Car,321,1
Oregon,F,Bachelor,3087,18558,80,Special Auto,Four-Door Car,384,0
Arizona,M,Bachelor,4443,46384,113,Corporate Auto,Four-Door Car,251,0
Oregon,F,High School or Below,7984,0,72,Personal Auto,Two-Door Car,866,0
Oregon,F,College,7180,42303,180,Personal Auto,Luxury,1210,0
California,F,Bachelor,15656,71731,130,Corporate Auto,SUV,599,0
Oregon,M,High School or Below,5780,51066,74,Corporate Auto,Four-Door Car,787,0
California,M,College,20714,0,203,Corporate Auto,Luxury,2027,0
Nevada,F,Bachelor,5337,0,86,Personal Auto,Four-Door Car,619,3
Arizona,M,College,5050,0,69,Personal Auto,Two-Door Car,72,0
Arizona,F,High School or Below,5116,26173,68,Corporate Auto,Four-Door Car,449,1
Oregon,M,Bachelor,7268,24445,63,Personal Auto,Two-Door Car,302,0
Oregon,M,College,2616,72302,66,Personal Auto,Two-Door Car,316,0
Oregon,M,High School or Below,3738,27208,102,Personal Auto,SUV,489,0
California,F,Master,2725,36650,69,Special Auto,Four-Door Car,56,1
Arizona,M,College,5453,30855,68,Corporate Auto,Four-Door Car,259,0
Arizona,F,Bachelor,6846,0,95,Personal Auto,Two-Door Car,456,0
Oregon,M,Master,6172,99960,76,Corporate Auto,Four-Door Car,364,0
Arizona,F,Bachelor,10346,0,98,Personal Auto,Four-Door Car,470,0
Nevada,F,Bachelor,6997,55873,88,Personal Auto,Four-Door Car,299,0
Arizona,F,High School or Below,4196,18052,111,Personal Auto,Four-Door Car,699,0
Oregon,F,High School or Below,7858,28937,104,Personal Auto,SUV,117,2
Oregon,F,High School or Below,6064,0,86,Personal Auto,Four-Door Car,545,0
California,M,College,17497,0,73,Personal Auto,Two-Door Car,350,0
Oregon,M,Doctor,8970,12829,118,Personal Auto,SUV,328,0
Oregon,F,Master,5923,92163,73,Personal Auto,Two-Door Car,66,0
Oregon,M,High School or Below,35850,17588,192,Personal Auto,Luxury,1382,0
Washington,F,Bachelor,8709,41546,111,Corporate Auto,Four-Door Car,121,0
Arizona,M,College,13309,0,127,Personal Auto,SUV,609,0
California,M,High School or Below,4528,70340,113,Special Auto,Four-Door Car,542,0
Oregon,F,High School or Below,2791,0,74,Personal Auto,Four-Door Car,532,0
Washington,M,High School or Below,4434,34549,111,Personal Auto,Four-Door Car,125,0
Arizona,M,College,7996,93459,99,Personal Auto,Four-Door Car,655,0
Arizona,M,Bachelor,5129,86148,65,Personal Auto,Four-Door Car,312,2
California,F,Bachelor,5697,27048,72,Corporate Auto,Four-Door Car,345,0
Oregon,F,College,9217,73259,115,Personal Auto,SUV,673,0
Oregon,F,College,10208,35482,129,Corporate Auto,SUV,619,0
Oregon,F,College,4505,67801,115,Personal Auto,SUV,23,1
California,M,High School or Below,3107,0,94,Personal Auto,Two-Door Car,451,4
Arizona,M,High School or Below,5528,16042,73,Personal Auto,Two-Door Car,350,0
California,M,High School or Below,5045,28056,64,Personal Auto,Four-Door Car,307,1
California,M,High School or Below,2962,16495,85,Corporate Auto,Four-Door Car,408,3
California,F,Master,8665,41163,108,Corporate Auto,SUV,231,0
Arizona,F,College,11413,0,161,Personal Auto,Luxury,772,1
California,M,Bachelor,15488,33799,109,Corporate Auto,SUV,664,3
Washington,F,College,8861,90125,110,Corporate Auto,SUV,128,0
Oregon,F,Bachelor,5934,87747,147,Personal Auto,SUV,46,1
Nevada,M,College,3543,35695,90,Personal Auto,Four-Door Car,432,0
California,M,Master,3490,90985,87,Personal Auto,Four-Door Car,78,0
California,F,College,3683,0,101,Corporate Auto,Luxury,564,0
California,M,College,5989,66839,154,Personal Auto,Luxury,739,0
California,F,High School or Below,12500,0,165,Personal Auto,SUV,792,0
Oregon,F,Bachelor,8609,79090,107,Corporate Auto,SUV,289,0
Oregon,M,Bachelor,2497,24825,64,Personal Auto,Two-Door Car,155,0
California,M,College,7019,26806,63,Personal Auto,Four-Door Car,302,0
Oregon,F,College,5387,56835,67,Personal Auto,Two-Door Car,326,0
Oregon,F,Bachelor,6165,0,88,Special Auto,Two-Door Car,653,0
California,M,Bachelor,2730,46135,69,Personal Auto,Four-Door Car,103,0
Arizona,F,Bachelor,5162,0,73,Personal Auto,Four-Door Car,809,0
Oregon,F,High School or Below,7937,22862,67,Personal Auto,Two-Door Car,321,0
Oregon,F,High School or Below,8608,21450,110,Personal Auto,Luxury,528,2
Oregon,M,Bachelor,2632,95854,65,Personal Auto,Two-Door Car,312,0
Oregon,F,Bachelor,7785,44897,99,Personal Auto,Four-Door Car,580,1
Washington,M,High School or Below,21639,64455,108,Personal Auto,SUV,133,0
Oregon,F,Master,4980,53265,62,Personal Auto,Four-Door Car,238,0
Arizona,F,High School or Below,7457,0,198,Personal Auto,Luxury,1577,1
Washington,M,Master,10640,50450,90,Personal Auto,Two-Door Car,135,0
California,F,High School or Below,6862,54780,88,Personal Auto,Four-Door Car,135,3
Nevada,M,High School or Below,9048,0,119,Personal Auto,Luxury,571,0
California,M,Bachelor,5548,67798,69,Personal Auto,Four-Door Car,331,0
Oregon,M,Bachelor,8312,21442,118,Personal Auto,SUV,566,0
California,M,Bachelor,2389,27615,62,Personal Auto,Four-Door Car,297,1
California,M,Bachelor,4458,17622,65,Personal Auto,Four-Door Car,312,1
Nevada,M,High School or Below,5295,50200,135,Personal Auto,Luxury,637,0
Arizona,F,Doctor,3839,0,112,Personal Auto,SUV,537,2
California,F,High School or Below,3731,0,96,Personal Auto,Four-Door Car,460,0
California,F,Master,2778,73570,70,Special Auto,Two-Door Car,75,1
Oregon,F,High School or Below,4016,0,111,Personal Auto,SUV,799,0
Washington,M,Doctor,4930,70412,61,Corporate Auto,Two-Door Car,136,0
Nevada,M,Doctor,2491,36631,62,Personal Auto,Four-Door Car,67,0
Oregon,F,College,2908,35895,73,Personal Auto,Four-Door Car,312,0
Arizona,F,College,4282,40864,109,Personal Auto,SUV,166,1
Oregon,M,College,8341,0,118,Personal Auto,Four-Door Car,566,0
Arizona,F,Master,5090,93018,63,Personal Auto,Four-Door Car,135,0
Oregon,M,Bachelor,7366,70014,62,Corporate Auto,Four-Door Car,17,0
Oregon,F,College,2436,48875,61,Personal Auto,Two-Door Car,1,0
California,M,Bachelor,8852,67969,74,Personal Auto,Four-Door Car,197,0
Oregon,F,High School or Below,23875,0,108,Corporate Auto,SUV,612,0
Oregon,F,Doctor,5600,68665,69,Personal Auto,Two-Door Car,331,0
California,M,College,4636,26802,66,Corporate Auto,Two-Door Car,316,1
Nevada,M,High School or Below,7573,0,110,Corporate Auto,Four-Door Car,1193,0
California,M,College,14696,45345,125,Personal Auto,SUV,600,0
Washington,M,Bachelor,8972,89689,74,Personal Auto,Four-Door Car,136,0
California,F,Bachelor,7724,32051,193,Personal Auto,SUV,926,1
Oregon,M,Master,5946,81139,74,Special Auto,Four-Door Car,392,0
Oregon,F,Master,8000,63834,100,Personal Auto,Luxury,215,1
Arizona,M,Bachelor,6457,37548,81,Special Auto,Four-Door Car,160,0
Arizona,F,High School or Below,7281,0,69,Personal Auto,Four-Door Car,371,3
California,M,High School or Below,2592,72421,65,Personal Auto,Four-Door Car,312,0
Nevada,M,Master,4678,83102,116,Corporate Auto,Four-Door Car,443,0
Oregon,M,College,13869,28432,118,Personal Auto,SUV,612,0
Nevada,F,Master,8717,83707,108,Corporate Auto,Four-Door Car,290,0
California,F,College,5233,63259,65,Corporate Auto,Four-Door Car,316,0
Nevada,F,High School or Below,4764,0,67,Personal Auto,Four-Door Car,405,0
Oregon,F,College,2472,63860,62,Personal Auto,Four-Door Car,208,0
Washington,M,Bachelor,2813,43836,73,Personal Auto,Four-Door Car,138,0
California,F,College,5505,86132,68,Personal Auto,Two-Door Car,301,0
Oregon,F,Bachelor,2606,28519,66,Personal Auto,Two-Door Car,456,0
Arizona,F,High School or Below,10481,39102,88,Personal Auto,Four-Door Car,152,0
California,F,Bachelor,3256,0,89,Personal Auto,Four-Door Car,491,0
California,F,College,30475,97298,128,Personal Auto,Luxury,48,0
Nevada,M,High School or Below,6364,41986,84,Personal Auto,Two-Door Car,430,2
Arizona,M,High School or Below,9468,0,88,Personal Auto,Two-Door Car,633,0
Oregon,F,College,5631,17291,73,Personal Auto,Four-Door Car,350,0
California,M,Bachelor,7780,0,74,Personal Auto,Four-Door Car,246,0
California,M,College,9816,37256,62,Personal Auto,Four-Door Car,128,0
Oregon,M,High School or Below,7519,96306,95,Corporate Auto,Four-Door Car,185,1
California,F,Bachelor,10179,14290,271,Personal Auto,Luxury,1300,0
California,F,College,2772,37038,71,Corporate Auto,Four-Door Car,9,1
Oregon,M,College,4037,90760,103,Special Auto,SUV,133,2
Washington,M,Master,4191,77048,103,Personal Auto,SUV,141,0
Oregon,F,High School or Below,2676,54480,67,Personal Auto,Four-Door Car,321,0
California,M,College,2523,16244,68,Personal Auto,Two-Door Car,623,0
California,F,College,6988,22436,89,Special Auto,Four-Door Car,427,0
Washington,F,College,8742,71592,72,Personal Auto,Four-Door Car,141,0
Arizona,M,Master,2673,28728,67,Personal Auto,Four-Door Car,321,0
Arizona,M,High School or Below,12157,57449,103,Personal Auto,Four-Door Car,494,0
California,F,Doctor,2957,83318,73,Personal Auto,Two-Door Car,211,0
Washington,M,Bachelor,7173,75217,61,Personal Auto,Four-Door Car,147,1
Nevada,M,Bachelor,3099,0,102,Corporate Auto,SUV,862,5
Oregon,M,Bachelor,8415,55308,107,Corporate Auto,SUV,513,0
Oregon,F,College,26843,36068,97,Personal Auto,Two-Door Car,113,0
Oregon,M,Bachelor,13057,48804,112,Corporate Auto,Four-Door Car,537,1
Oregon,M,College,9599,0,131,Personal Auto,SUV,943,0
Oregon,M,Bachelor,8535,55790,111,Personal Auto,SUV,117,0
Arizona,F,Bachelor,8293,70258,69,Personal Auto,Four-Door Car,225,0
Oregon,F,Bachelor,6846,0,95,Personal Auto,Two-Door Car,456,0
Oregon,F,Bachelor,6636,47274,83,Corporate Auto,Four-Door Car,182,1
Washington,F,College,5609,44705,71,Personal Auto,Two-Door Car,148,0
Arizona,M,High School or Below,5077,0,73,Personal Auto,Two-Door Car,525,0
Washington,F,Master,5275,70446,65,Personal Auto,Four-Door Car,155,0
Washington,F,High School or Below,2514,43860,65,Personal Auto,Four-Door Car,156,0
Oregon,F,Bachelor,3435,64348,86,Personal Auto,Two-Door Car,212,0
Oregon,M,Bachelor,6624,0,62,Corporate Auto,Two-Door Car,297,0
California,M,Master,5757,88997,72,Special Auto,Four-Door Car,174,0
Washington,F,High School or Below,2514,43860,65,Corporate Auto,Four-Door Car,156,0
California,F,High School or Below,2886,10312,78,Corporate Auto,Four-Door Car,486,0
California,F,High School or Below,5341,0,72,Personal Auto,Four-Door Car,345,1
Arizona,F,High School or Below,4160,96263,103,Personal Auto,SUV,1,0
California,F,College,2846,28919,72,Corporate Auto,Four-Door Car,518,0
Oregon,F,College,4770,0,68,Personal Auto,Two-Door Car,326,1
Oregon,M,Bachelor,5059,41869,64,Personal Auto,Two-Door Car,262,0
Arizona,F,High School or Below,9095,0,128,Personal Auto,SUV,921,0
California,F,High School or Below,2688,32808,68,Personal Auto,Four-Door Car,541,1
California,F,Bachelor,8277,79780,68,Personal Auto,Four-Door Car,326,0
Oregon,F,College,9057,91025,112,Personal Auto,SUV,327,0
California,F,High School or Below,3801,33043,95,Personal Auto,Two-Door Car,456,0
Arizona,M,High School or Below,9339,69442,118,Personal Auto,Four-Door Car,1265,3
Oregon,M,College,2520,0,70,Corporate Auto,Four-Door Car,63,0
Arizona,F,College,4984,0,70,Corporate Auto,Four-Door Car,336,0
Oregon,F,Bachelor,2595,47234,65,Personal Auto,Four-Door Car,15,0
Oregon,M,High School or Below,7437,86863,92,Personal Auto,Four-Door Car,441,0
Oregon,M,Bachelor,14536,25805,66,Personal Auto,Four-Door Car,375,2
Nevada,M,Bachelor,5913,43676,76,Personal Auto,Four-Door Car,364,0
Arizona,M,College,2771,59855,74,Personal Auto,Two-Door Car,355,4
Arizona,M,Master,29194,35296,126,Personal Auto,SUV,452,0
Oregon,F,Master,9880,36576,125,Personal Auto,SUV,113,1
California,F,High School or Below,15114,28513,100,Corporate Auto,SUV,480,1
Oregon,M,Bachelor,5759,85448,72,Special Auto,Four-Door Car,16,0
Oregon,F,High School or Below,8495,23791,110,Personal Auto,Two-Door Car,615,3
California,F,Bachelor,4381,20597,112,Personal Auto,Four-Door Car,615,0
Arizona,F,College,6997,56940,87,Personal Auto,Four-Door Car,512,0
Oregon,M,Bachelor,11430,93210,71,Personal Auto,Two-Door Car,74,0
Oregon,F,Bachelor,7482,48992,94,Personal Auto,Four-Door Car,426,1
Arizona,F,Master,8596,53736,71,Personal Auto,Two-Door Car,169,0
Arizona,M,College,7854,25378,66,Personal Auto,Four-Door Car,419,1
Oregon,F,Bachelor,2582,76731,64,Personal Auto,Four-Door Car,201,0
Washington,M,Master,9075,37722,116,Corporate Auto,Luxury,158,0
California,F,Bachelor,4118,69379,103,Personal Auto,Two-Door Car,494,0
Oregon,M,High School or Below,12157,57449,103,Personal Auto,Four-Door Car,494,0
Arizona,M,Bachelor,5152,0,68,Corporate Auto,Four-Door Car,326,0
Nevada,M,College,6512,0,93,Personal Auto,Two-Door Car,669,0
Arizona,F,Bachelor,27789,33806,89,Corporate Auto,Four-Door Car,395,0
Washington,F,College,2667,94041,66,Personal Auto,Four-Door Car,159,0
Oregon,F,College,10928,74965,90,Personal Auto,Four-Door Car,58,0
Arizona,F,High School or Below,7615,34095,63,Personal Auto,Two-Door Car,302,0
California,F,College,2004,0,66,Personal Auto,Four-Door Car,316,4
California,M,College,2434,96045,61,Corporate Auto,Four-Door Car,8,0
Nevada,F,Bachelor,14195,86355,118,Personal Auto,Luxury,285,0
California,F,High School or Below,9427,27824,118,Personal Auto,SUV,566,0
California,M,High School or Below,11982,42995,101,Personal Auto,SUV,410,0
Oregon,F,High School or Below,3102,21235,79,Personal Auto,Two-Door Car,244,0
California,M,High School or Below,4222,74585,106,Personal Auto,SUV,218,0
Oregon,M,Bachelor,4023,41833,103,Personal Auto,Four-Door Car,643,0
California,F,College,5297,23908,70,Personal Auto,Four-Door Car,336,0
Oregon,M,Bachelor,21423,0,65,Personal Auto,Two-Door Car,312,0
Arizona,M,Bachelor,4416,61953,113,Personal Auto,SUV,497,0
California,M,Bachelor,4639,0,142,Corporate Auto,SUV,1022,0
Nevada,M,Bachelor,4863,0,137,Personal Auto,SUV,657,0
Arizona,F,Bachelor,25830,73760,107,Personal Auto,Luxury,230,1
Oregon,F,College,2974,23333,74,Corporate Auto,Four-Door Car,5,0
California,M,College,2064,0,61,Personal Auto,Four-Door Car,292,0
Arizona,F,High School or Below,10064,20440,128,Corporate Auto,Luxury,614,2
Washington,M,Master,8032,27658,68,Personal Auto,Four-Door Car,160,0
California,M,College,5489,50943,139,Special Auto,SUV,667,0
California,M,Bachelor,2612,19003,71,Personal Auto,Two-Door Car,34,0
California,M,College,8573,46703,108,Personal Auto,Four-Door Car,678,0
California,M,Bachelor,24127,14072,71,Personal Auto,Four-Door Car,511,0
Oregon,M,College,8550,21733,73,Corporate Auto,Four-Door Car,525,0
Arizona,M,Bachelor,2308,20811,61,Personal Auto,Four-Door Car,292,0
Arizona,F,High School or Below,4254,11904,61,Personal Auto,Two-Door Car,292,2
Oregon,F,College,8982,43490,114,Corporate Auto,SUV,174,4
California,M,High School or Below,7868,57340,67,Corporate Auto,Four-Door Car,159,0
California,M,College,7704,49088,97,Corporate Auto,Four-Door Car,698,0
Nevada,M,Master,10552,47761,131,Personal Auto,SUV,232,0
Washington,F,College,16045,0,65,Personal Auto,Two-Door Car,163,0
Arizona,M,Bachelor,8737,61281,110,Personal Auto,SUV,79,0
Nevada,M,Bachelor,5454,0,82,Corporate Auto,Two-Door Car,393,1
Arizona,M,Bachelor,7705,25290,66,Personal Auto,Four-Door Car,382,0
Arizona,F,High School or Below,7039,24239,88,Personal Auto,Four-Door Car,48,0
California,M,Bachelor,8838,82664,114,Personal Auto,SUV,133,3
Arizona,M,Bachelor,8733,83210,110,Personal Auto,Luxury,528,0
Oregon,F,Bachelor,9597,38736,81,Personal Auto,Two-Door Car,561,0
California,M,College,4506,0,66,Personal Auto,Four-Door Car,316,0
Oregon,M,College,17857,55437,64,Personal Auto,Four-Door Car,445,1
Washington,M,Bachelor,2497,68041,6464,Personal Auto,Two-Door Car,165,0
Oregon,M,Master,5426,0,71,Corporate Auto,Four-Door Car,407,0
California,F,High School or Below,7998,29066,100,Personal Auto,SUV,844,0
Nevada,M,Bachelor,2897,54337,72,Personal Auto,Four-Door Car,345,0
Oregon,F,High School or Below,11599,67616,96,Personal Auto,Four-Door Car,340,0
California,F,Bachelor,15147,41082,63,Personal Auto,Two-Door Car,106,0
Oregon,F,High School or Below,5435,0,10202,Personal Auto,Four-Door Car,626,0
Nevada,F,Master,2725,36650,69,Personal Auto,Four-Door Car,56,1
Oregon,F,College,13297,50631,112,Special Auto,SUV,784,4
California,M,College,9927,19592,92,Personal Auto,Four-Door Car,441,0
Oregon,F,High School or Below,17771,0,114,Personal Auto,Two-Door Car,547,0
Arizona,F,College,18269,55761,115,Personal Auto,Luxury,86,0
California,F,College,2722,17576,71,Special Auto,Four-Door Car,398,0
California,F,Bachelor,7083,41449,89,Personal Auto,Four-Door Car,63,0
Oregon,F,Bachelor,10179,14290,271,Personal Auto,Luxury,1300,0
Nevada,F,College,5889,62007,73,Personal Auto,Four-Door Car,120,0
Arizona,M,High School or Below,15771,21921,206,Corporate Auto,Luxury,1254,0
Arizona,F,Bachelor,5288,42621,66,Personal Auto,Four-Door Car,316,0
Oregon,M,College,27580,0,87,Personal Auto,Four-Door Car,417,1
Oregon,M,High School or Below,7778,63786,196,Corporate Auto,Luxury,798,0
Oregon,F,High School or Below,7341,0,104,Personal Auto,Luxury,82,3
Oregon,F,High School or Below,7919,82877,99,Personal Auto,Two-Door Car,22,1
Arizona,M,College,2163,0,63,Corporate Auto,Two-Door Car,302,0
Nevada,M,High School or Below,9787,10475,88,Personal Auto,Two-Door Car,422,1
Oregon,F,High School or Below,5207,21952,66,Personal Auto,Four-Door Car,316,0
Oregon,F,Bachelor,21147,49721,132,Corporate Auto,Luxury,639,0
Oregon,M,College,12280,88340,102,Personal Auto,Two-Door Car,489,0
Oregon,F,College,2441,0,65,Personal Auto,Four-Door Car,312,0
Oregon,M,Bachelor,6535,0,65,Corporate Auto,Four-Door Car,468,0
Oregon,F,College,9206,24589,82,Personal Auto,Two-Door Car,511,0
Oregon,F,Bachelor,4118,69379,103,Personal Auto,Two-Door Car,494,0
Nevada,F,Bachelor,4838,73769,61,Personal Auto,Four-Door Car,239,2
Oregon,F,College,4625,66670,114,Personal Auto,SUV,518,0
Arizona,M,Bachelor,14042,88854,118,Personal Auto,Two-Door Car,715,0
Oregon,M,Bachelor,7546,31266,193,Corporate Auto,Luxury,926,0
Oregon,F,High School or Below,2514,43860,65,Personal Auto,Four-Door Car,156,0
Oregon,M,Bachelor,5170,89284,133,Corporate Auto,SUV,402,2
Oregon,M,College,13917,67267,89,Corporate Auto,Four-Door Car,94,0
Oregon,F,High School or Below,11318,79270,95,Personal Auto,Four-Door Car,456,3
Oregon,M,Bachelor,4276,36692,109,Personal Auto,Four-Door Car,523,1
Oregon,F,High School or Below,4322,0,119,Personal Auto,SUV,571,0
Oregon,F,College,8002,0,107,Corporate Auto,SUV,513,0
Nevada,M,College,3885,0,105,Corporate Auto,Four-Door Car,504,0
Oregon,M,College,4471,0,135,Personal Auto,SUV,972,0
Oregon,F,High School or Below,8496,44624,71,Special Auto,Four-Door Car,73,1
Arizona,F,College,22500,0,71,Corporate Auto,Four-Door Car,340,0
Nevada,F,Master,16301,19614,85,Personal Auto,Two-Door Car,574,0
Oregon,F,College,2319,0,64,Personal Auto,Four-Door Car,632,0
Arizona,M,College,8717,83846,74,Special Auto,Four-Door Car,355,3
Oregon,M,College,2860,51159,72,Personal Auto,Four-Door Car,4,0
Oregon,M,College,2453,83772,62,Personal Auto,Two-Door Car,42,0
Arizona,M,College,5989,66839,154,Personal Auto,Luxury,739,0
Arizona,F,College,24980,88440,70,Personal Auto,Two-Door Car,27,0
Arizona,F,Master,7482,25666,63,Personal Auto,Four-Door Car,270,2
Oregon,F,High School or Below,2457,52926,61,Personal Auto,Four-Door Car,292,0
Nevada,F,Bachelor,2379,0,67,Personal Auto,Four-Door Car,494,0
Oregon,F,Bachelor,8286,40001,70,Personal Auto,Four-Door Car,142,0
Oregon,M,College,2393,0,70,Personal Auto,Four-Door Car,425,0
Oregon,M,College,4657,18024,65,Personal Auto,Two-Door Car,312,0
Oregon,F,College,13197,0,68,Personal Auto,Four-Door Car,326,3
Oregon,F,Bachelor,2803,23220,74,Personal Auto,Four-Door Car,251,0
Oregon,F,High School or Below,8646,64125,108,Personal Auto,SUV,369,0
Oregon,F,College,7425,58042,62,Corporate Auto,Four-Door Car,161,0
Oregon,F,High School or Below,4528,90034,112,Corporate Auto,SUV,537,0
Nevada,M,High School or Below,2227,27972,61,Special Auto,Four-Door Car,292,0
Oregon,F,High School or Below,7292,0,65,Personal Auto,Four-Door Car,312,0
Arizona,M,Bachelor,3184,50989,80,Corporate Auto,Four-Door Car,255,0
Arizona,F,Bachelor,11315,11885,101,Special Auto,Four-Door Car,484,0
Oregon,F,Bachelor,2530,89451,63,Special Auto,Four-Door Car,61,0
Oregon,M,Bachelor,18361,0,182,Personal Auto,Luxury,1310,0
Oregon,M,Bachelor,8641,78904,109,Personal Auto,SUV,250,0
Arizona,M,Doctor,3278,70247,83,Personal Auto,Four-Door Car,141,1
Arizona,M,High School or Below,5271,32653,67,Personal Auto,Two-Door Car,321,0
Oregon,M,High School or Below,3763,93595,97,Special Auto,Four-Door Car,49,4
Oregon,M,Master,13955,90279,115,Personal Auto,SUV,372,0
Oregon,F,College,5001,0,72,Personal Auto,Four-Door Car,542,0
Oregon,M,Bachelor,7082,53310,189,Personal Auto,Luxury,1360,3
Oregon,M,College,7619,0,105,Personal Auto,Four-Door Car,504,0
Oregon,F,Bachelor,12550,22234,160,Personal Auto,SUV,768,0
Oregon,F,High School or Below,32196,91375,99,Personal Auto,Two-Door Car,72,0
Nevada,F,High School or Below,6793,22250,86,Personal Auto,Two-Door Car,720,0
Oregon,M,Bachelor,5272,0,80,Personal Auto,Four-Door Car,576,0
Oregon,F,Doctor,6265,0,84,Personal Auto,Four-Door Car,481,1
Oregon,F,High School or Below,8547,51179,71,Corporate Auto,Four-Door Car,466,0
Oregon,M,Bachelor,2787,38667,72,Personal Auto,Four-Door Car,159,0
Oregon,F,Master,4626,79487,114,Corporate Auto,SUV,547,0
Nevada,F,Doctor,8663,67763,107,Personal Auto,Four-Door Car,41,2
Nevada,M,High School or Below,3872,0,62,Corporate Auto,Four-Door Car,503,2
Oregon,F,College,5170,0,71,Corporate Auto,Four-Door Car,859,0
Oregon,F,Master,8960,71943,112,Corporate Auto,SUV,305,0
Oregon,F,College,5471,53526,68,Personal Auto,Four-Door Car,278,0
Oregon,M,College,34931,35005,295,Personal Auto,Luxury,1416,0
Oregon,M,College,2620,24721,67,Personal Auto,Four-Door Car,139,0
Oregon,M,College,19069,0,102,Personal Auto,Four-Door Car,734,2
Arizona,M,Master,5757,88997,72,Personal Auto,Four-Door Car,174,0
Arizona,M,Master,40224,48587,111,Personal Auto,SUV,532,0
Arizona,F,High School or Below,2701,76310,67,Personal Auto,Two-Door Car,321,0
Oregon,M,Bachelor,3712,73205,92,Personal Auto,Four-Door Car,37,0
Oregon,F,College,21850,51056,78,Personal Auto,Four-Door Car,95,0
Oregon,M,College,7840,58414,210,Personal Auto,Luxury,1008,2
Oregon,F,Bachelor,8237,23940,107,Personal Auto,SUV,513,0
Oregon,F,High School or Below,2243,0,62,Personal Auto,Four-Door Car,446,0
Oregon,M,Bachelor,8434,44216,71,Personal Auto,Four-Door Car,72,0
Oregon,M,High School or Below,2227,27972,61,Corporate Auto,Four-Door Car,292,0
Arizona,F,High School or Below,5170,0,69,Personal Auto,Four-Door Car,331,0
Oregon,F,Master,2641,29305,66,Personal Auto,Four-Door Car,475,0
Oregon,F,College,2790,53882,69,Personal Auto,Four-Door Car,331,0
Oregon,M,College,2745,91757,69,Personal Auto,Four-Door Car,331,1
Oregon,F,Bachelor,7579,33906,64,Personal Auto,Two-Door Car,401,0
Oregon,M,Bachelor,10978,68158,139,Personal Auto,SUV,253,1
Oregon,M,College,8255,0,134,Personal Auto,SUV,643,3
Oregon,M,College,4747,42165,123,Corporate Auto,SUV,799,0
Oregon,M,College,3540,0,101,Personal Auto,SUV,727,0
Oregon,M,Doctor,3436,30817,88,Personal Auto,Four-Door Car,91,0
Oregon,M,Bachelor,2582,68074,65,Personal Auto,Four-Door Car,27,0
Washington,F,College,11665,84978,35353,Corporate Auto,Four-Door Car,166,1
Oregon,F,Master,7396,71135,92,Personal Auto,Four-Door Car,270,1
Oregon,F,College,4330,0,61,Personal Auto,Two-Door Car,292,0
Oregon,M,Master,9075,37722,116,Personal Auto,Luxury,158,0
Arizona,F,Bachelor,14635,0,139,Personal Auto,SUV,667,0
Washington,M,High School or Below,8564,95697,107,Personal Auto,Luxury,178,0
Oregon,F,College,11565,64642,96,Personal Auto,Four-Door Car,404,0
Oregon,F,College,2771,50071,71,Personal Auto,Two-Door Car,18,0
Oregon,M,High School or Below,8507,46754,106,Personal Auto,SUV,513,1
Oregon,M,College,7582,64801,64,Corporate Auto,Four-Door Car,268,0
Arizona,M,Bachelor,3323,70410,83,Personal Auto,Four-Door Car,131,0
Nevada,F,High School or Below,5234,66957,131,Personal Auto,SUV,628,1
Nevada,F,High School or Below,24709,24213,78,Personal Auto,Four-Door Car,374,1
Washington,F,College,17786,99790,6464,Personal Auto,Four-Door Car,178,0
Oregon,M,Master,2551,79751,63,Personal Auto,Two-Door Car,392,0
Arizona,M,High School or Below,7247,86122,182,Personal Auto,Luxury,873,1
Arizona,M,Bachelor,4538,82297,116,Personal Auto,Luxury,0,0
Washington,M,College,31642,89057,98,Corporate Auto,Two-Door Car,187,0
Oregon,M,High School or Below,8730,43259,73,Personal Auto,Four-Door Car,350,0
Oregon,M,College,8332,0,79,Personal Auto,Four-Door Car,379,0
Oregon,M,College,2357,25064,62,Personal Auto,Four-Door Car,297,0
Arizona,M,Master,4637,25816,119,Personal Auto,Luxury,571,0
Oregon,M,Bachelor,5357,0,73,Personal Auto,Four-Door Car,350,0
Oregon,F,College,5391,41662,69,Corporate Auto,Four-Door Car,217,0
Arizona,M,Bachelor,3694,96170,92,Personal Auto,Four-Door Car,441,0
Arizona,F,High School or Below,5040,46072,64,Personal Auto,Four-Door Car,25,0
Arizona,F,High School or Below,27495,37931,99,Personal Auto,Four-Door Car,475,0
Oregon,M,High School or Below,4842,35127,62,Personal Auto,Four-Door Car,297,0
Washington,F,High School or Below,27382,45473,76,Special Auto,Two-Door Car,188,0
Nevada,F,College,5227,93087,131,Corporate Auto,Luxury,628,3
Arizona,M,High School or Below,2590,22398,67,Personal Auto,Four-Door Car,321,2
Oregon,M,High School or Below,10536,92983,87,Corporate Auto,Four-Door Car,153,1
Arizona,M,Bachelor,8581,27689,239,Personal Auto,Luxury,2893,2
Oregon,F,College,9463,69654,118,Corporate Auto,SUV,629,0
Oregon,F,Bachelor,13441,80744,111,Personal Auto,SUV,361,0
Oregon,F,Bachelor,3886,0,112,Corporate Auto,SUV,1185,0
Arizona,F,High School or Below,6784,0,64,Personal Auto,Four-Door Car,460,1
Arizona,M,Bachelor,23594,76358,66,Special Auto,Four-Door Car,86,0
Oregon,M,Bachelor,2538,18608,71,Corporate Auto,Four-Door Car,340,0
Oregon,M,High School or Below,5639,73168,70,Personal Auto,Four-Door Car,425,0
Washington,M,Bachelor,11681,70930,99,Personal Auto,Four-Door Car,190,0
Washington,F,High School or Below,25997,62262,72,Corporate Auto,Four-Door Car,193,0
Nevada,F,Master,13778,91474,113,Corporate Auto,Two-Door Car,24,0
Oregon,F,Bachelor,4923,61469,63,Personal Auto,Four-Door Car,302,5
Arizona,F,High School or Below,2272,16618,62,Special Auto,Four-Door Car,219,0
Oregon,F,Bachelor,14895,48081,188,Personal Auto,Luxury,881,0
Oregon,M,Doctor,9756,67632,121,Personal Auto,Luxury,26,0
Oregon,F,Bachelor,9422,34115,119,Personal Auto,SUV,466,0
Arizona,M,High School or Below,3837,23051,99,Personal Auto,Two-Door Car,475,0
Oregon,M,College,10952,23748,99,Personal Auto,Four-Door Car,607,0
Arizona,F,College,8159,40589,69,Corporate Auto,Four-Door Car,331,0
Oregon,F,College,19480,50809,83,Personal Auto,Four-Door Car,290,0
Arizona,F,High School or Below,3919,66676,97,Personal Auto,Four-Door Car,558,0
Nevada,F,Bachelor,7985,52339,70,Corporate Auto,Four-Door Car,336,3
Oregon,M,Bachelor,12168,14973,115,Personal Auto,SUV,828,0
Arizona,F,High School or Below,5849,0,83,Corporate Auto,Four-Door Car,540,0
Arizona,F,Bachelor,5085,31546,65,Personal Auto,Four-Door Car,100,0
Oregon,F,College,2903,67763,73,Personal Auto,Four-Door Car,59,1
Washington,F,College,6273,20836,79,Corporate Auto,Four-Door Car,193,0
Washington,M,College,18321,88592,76,Corporate Auto,Four-Door Car,199,0
Oregon,F,College,5178,66943,65,Special Auto,Four-Door Car,53,1
Arizona,F,High School or Below,14024,81872,115,Special Auto,Four-Door Car,256,0
Washington,F,College,5309,22404,70,Personal Auto,Four-Door Car,211,1
Oregon,F,High School or Below,4949,21342,62,Personal Auto,Four-Door Car,74,0
Oregon,M,Bachelor,8595,34621,108,Corporate Auto,SUV,621,1
Oregon,M,College,22951,62396,64,Personal Auto,Four-Door Car,307,0
Oregon,M,High School or Below,3792,97212,93,Personal Auto,Two-Door Car,360,0
Arizona,F,Bachelor,2755,49648,70,Personal Auto,Four-Door Car,65,0
Arizona,M,College,4880,97984,61,Personal Auto,Four-Door Car,407,1
Oregon,F,College,9051,26308,114,Corporate Auto,SUV,547,0
Oregon,F,College,10115,63528,256,Personal Auto,Luxury,1228,0
Nevada,M,College,8269,20225,114,Special Auto,SUV,547,1
Nevada,M,High School or Below,8071,0,112,Personal Auto,SUV,806,0
Oregon,F,High School or Below,7726,87620,64,Personal Auto,Four-Door Car,24,0
Oregon,F,Bachelor,8311,0,72,Corporate Auto,Four-Door Car,311,0
Nevada,F,Master,2574,34990,65,Personal Auto,Four-Door Car,42,0
Oregon,M,Bachelor,5727,99934,71,Special Auto,Four-Door Car,460,0
Washington,M,Master,3679,60804,92,Personal Auto,Four-Door Car,213,0
Oregon,M,Bachelor,2744,94648,69,Personal Auto,Four-Door Car,331,0
Oregon,F,High School or Below,5636,24516,71,Personal Auto,Four-Door Car,300,0
Arizona,M,Bachelor,16870,61063,85,Personal Auto,Four-Door Car,262,0
Oregon,M,Master,2738,0,74,Personal Auto,Two-Door Car,263,0
Oregon,M,Bachelor,4644,0,64,Corporate Auto,Four-Door Car,307,0
Oregon,F,High School or Below,4746,15169,63,Personal Auto,Four-Door Car,302,0
Arizona,M,College,16874,55390,71,Corporate Auto,Two-Door Car,256,0
Oregon,F,Bachelor,2387,27592,62,Personal Auto,Four-Door Car,297,0
Washington,F,College,4465,61846,112,Personal Auto,SUV,215,0
Arizona,F,High School or Below,4591,83297,113,Personal Auto,SUV,542,0
Arizona,F,College,13092,0,188,Special Auto,Luxury,1353,0
Oregon,M,Bachelor,9112,0,90,Personal Auto,Four-Door Car,432,0
Oregon,F,High School or Below,4165,55897,104,Personal Auto,Four-Door Car,499,0
Arizona,M,Bachelor,2659,21297,71,Personal Auto,Four-Door Car,45,0
Arizona,F,Master,11986,87560,98,Personal Auto,Two-Door Car,470,1
Oregon,F,High School or Below,2898,0,96,Personal Auto,Four-Door Car,691,4
Oregon,F,Bachelor,2894,0,85,Personal Auto,Four-Door Car,408,0
Arizona,F,Doctor,3500,89398,86,Personal Auto,Four-Door Car,82,0
Oregon,F,College,2621,36843,68,Corporate Auto,Four-Door Car,357,3
Oregon,F,College,10221,0,134,Personal Auto,SUV,643,0
Oregon,M,High School or Below,2578,34946,65,Personal Auto,Two-Door Car,420,0
Arizona,F,College,6242,75680,78,Personal Auto,Four-Door Car,136,0
Nevada,F,Doctor,5220,0,69,Personal Auto,Four-Door Car,331,0
Washington,F,College,3136,49532,79,Personal Auto,Four-Door Car,220,1
Arizona,M,Bachelor,4525,10269,65,Personal Auto,Two-Door Car,170,0
Oregon,M,College,4970,49714,63,Personal Auto,Four-Door Car,266,3
Oregon,M,High School or Below,15467,77517,129,Corporate Auto,SUV,98,0
Oregon,M,High School or Below,5838,81082,73,Personal Auto,Four-Door Car,281,0
Oregon,F,Bachelor,10656,72540,88,Corporate Auto,Two-Door Car,631,0
Oregon,F,High School or Below,2289,0,65,Personal Auto,Four-Door Car,468,0
Oregon,M,High School or Below,5439,61546,68,Corporate Auto,Two-Door Car,29,0
Oregon,F,Master,7956,44818,67,Personal Auto,Two-Door Car,136,1
Arizona,M,Bachelor,4458,17622,65,Personal Auto,Four-Door Car,312,1
Oregon,F,College,2555,0,72,Personal Auto,Four-Door Car,518,0
Oregon,M,Bachelor,3307,79797,84,Corporate Auto,Two-Door Car,31,0
Washington,F,College,8459,92717,70,Personal Auto,Two-Door Car,224,0
Oregon,F,College,13350,28919,173,Personal Auto,SUV,830,0
Arizona,M,College,4931,0,68,Personal Auto,Four-Door Car,480,0
Nevada,M,Bachelor,7776,63568,65,Corporate Auto,Two-Door Car,390,0
Nevada,F,College,2553,73935,64,Corporate Auto,Four-Door Car,72,1
Arizona,F,High School or Below,4876,0,66,Corporate Auto,Two-Door Car,316,0
Oregon,F,Bachelor,9034,18846,115,Personal Auto,SUV,552,0
Arizona,F,High School or Below,8105,38893,103,Personal Auto,SUV,41,0
Oregon,M,High School or Below,5619,0,153,Special Auto,SUV,1027,0
Oregon,M,Bachelor,15727,84824,196,Corporate Auto,SUV,319,0
Oregon,F,High School or Below,6618,20068,86,Corporate Auto,Four-Door Car,411,0
Oregon,M,Doctor,4670,0,125,Corporate Auto,SUV,600,0
Arizona,F,High School or Below,10169,0,135,Personal Auto,Luxury,648,0
Oregon,M,Bachelor,8323,97245,70,Personal Auto,Four-Door Car,4,0
Oregon,F,College,2417,51808,61,Personal Auto,Four-Door Car,351,1
Oregon,M,Bachelor,8044,71391,67,Personal Auto,Four-Door Car,284,0
Oregon,M,High School or Below,5325,0,73,Personal Auto,Two-Door Car,496,0
Arizona,M,Bachelor,6947,0,100,Personal Auto,SUV,925,0
Oregon,F,College,5847,23496,77,Special Auto,Four-Door Car,13,0
Washington,M,High School or Below,7936,55561,63,Personal Auto,Four-Door Car,227,0
Nevada,F,College,4724,23986,119,Corporate Auto,SUV,463,0
Arizona,F,Master,2790,22974,71,Personal Auto,Four-Door Car,180,0
Oregon,F,High School or Below,21531,0,101,Personal Auto,Four-Door Car,484,0
Arizona,M,Bachelor,12622,61844,106,Personal Auto,Luxury,508,0
Arizona,M,Doctor,20171,24804,73,Personal Auto,Two-Door Car,350,0
Oregon,F,Bachelor,16464,27760,104,Personal Auto,SUV,302,0
Oregon,F,High School or Below,5595,74454,71,Personal Auto,Four-Door Car,340,0
Oregon,F,Master,4170,29462,107,Personal Auto,SUV,513,1
Arizona,F,College,2665,52266,68,Corporate Auto,Two-Door Car,141,0
Oregon,M,Bachelor,7098,0,70,Personal Auto,Two-Door Car,349,0
Oregon,M,Doctor,3971,23599,103,Corporate Auto,SUV,494,0
Oregon,M,Bachelor,5528,36088,72,Personal Auto,Four-Door Car,345,0
Oregon,F,High School or Below,8338,70534,104,Personal Auto,Four-Door Car,54,0
Oregon,M,College,38445,27398,125,Personal Auto,SUV,600,1
Nevada,M,Bachelor,5448,85296,68,Personal Auto,Four-Door Car,342,0
Arizona,M,High School or Below,10808,31063,92,Personal Auto,Four-Door Car,441,0
Oregon,M,Bachelor,6185,0,92,Personal Auto,Two-Door Car,1027,0
Nevada,M,High School or Below,3208,52367,81,Personal Auto,Four-Door Car,275,0
Arizona,M,College,5480,58651,71,Personal Auto,Four-Door Car,472,0
Nevada,F,College,22986,84831,192,Special Auto,Luxury,1336,0
Oregon,M,Bachelor,13107,49088,114,Corporate Auto,SUV,547,1
Oregon,F,College,7462,70263,93,Corporate Auto,Two-Door Car,7,0
Oregon,F,Doctor,11463,45354,285,Personal Auto,Luxury,540,0
Arizona,M,High School or Below,7236,0,63,Personal Auto,Four-Door Car,383,0
Oregon,F,Bachelor,6232,28334,83,Special Auto,Four-Door Car,537,0
Oregon,F,Bachelor,28393,38772,90,Personal Auto,Four-Door Car,321,0
Oregon,F,College,3746,41479,94,Personal Auto,Two-Door Car,19,1
Oregon,M,Bachelor,21569,23909,119,Personal Auto,SUV,571,0
Oregon,M,College,5012,48328,63,Personal Auto,Two-Door Car,108,0
Oregon,M,High School or Below,3371,86689,85,Corporate Auto,Two-Door Car,408,0
Oregon,M,Bachelor,3864,24204,99,Personal Auto,Four-Door Car,707,1
Oregon,M,College,4145,25943,110,Corporate Auto,Two-Door Car,1067,0
Oregon,M,High School or Below,5156,0,73,Personal Auto,Four-Door Car,807,0
Oregon,M,College,3667,62375,92,Personal Auto,Two-Door Car,618,0
Oregon,F,High School or Below,7835,0,71,Corporate Auto,Four-Door Car,404,0
Arizona,M,Bachelor,14567,0,148,Personal Auto,SUV,710,0
Oregon,M,Bachelor,10171,70200,65,Corporate Auto,Four-Door Car,312,0
Nevada,F,Bachelor,4135,0,112,Special Auto,Four-Door Car,707,0
Oregon,F,College,5511,79027,70,Corporate Auto,Four-Door Car,336,0
Washington,F,High School or Below,11314,62935,141,Personal Auto,Luxury,232,0
Oregon,F,High School or Below,5414,26893,68,Personal Auto,Four-Door Car,68,0
Oregon,F,High School or Below,7421,47406,94,Personal Auto,Four-Door Car,287,1
Oregon,M,Bachelor,4458,17622,65,Personal Auto,Four-Door Car,312,1
Oregon,F,College,14476,27572,124,Corporate Auto,SUV,595,0
Oregon,F,College,4936,0,72,Personal Auto,Two-Door Car,391,2
Oregon,F,Bachelor,4525,32802,114,Personal Auto,SUV,547,0
Washington,F,Master,5581,62739,70,Personal Auto,Two-Door Car,239,0
Oregon,F,Bachelor,14134,90844,118,Personal Auto,SUV,232,0
Nevada,F,High School or Below,24723,44685,69,Personal Auto,Four-Door Car,331,0
Oregon,F,Bachelor,2838,0,80,Personal Auto,Four-Door Car,336,0
Oregon,F,High School or Below,3848,42589,98,Corporate Auto,Four-Door Car,470,0
Oregon,M,Bachelor,19504,0,72,Personal Auto,Four-Door Car,345,0
Washington,F,Bachelor,2480,93383,62,Corporate Auto,Two-Door Car,244,0
Arizona,F,High School or Below,4361,79583,109,Personal Auto,Four-Door Car,523,2
Arizona,F,High School or Below,2529,89129,64,Personal Auto,Four-Door Car,328,0
Arizona,M,College,2504,0,69,Personal Auto,Four-Door Car,496,0
Oregon,F,Bachelor,8649,94389,107,Corporate Auto,SUV,85,0
Oregon,F,College,13668,0,197,Personal Auto,SUV,1418,0
Oregon,F,High School or Below,20635,84106,64,Personal Auto,Two-Door Car,334,0
Arizona,F,College,2517,0,69,Personal Auto,Four-Door Car,42,0
Oregon,F,High School or Below,5326,76717,66,Personal Auto,Two-Door Car,300,0
Arizona,M,High School or Below,2600,51978,66,Corporate Auto,Four-Door Car,144,0
Oregon,F,Bachelor,8534,47325,107,Personal Auto,SUV,64,0
Oregon,M,High School or Below,8828,86721,111,Corporate Auto,SUV,532,0
Nevada,F,Bachelor,2248,24910,63,Personal Auto,Four-Door Car,347,1
Washington,F,Bachelor,12302,43817,62,Personal Auto,Four-Door Car,245,1
Oregon,M,High School or Below,4556,0,73,Personal Auto,Four-Door Car,525,2
Oregon,F,Bachelor,2530,89451,63,Corporate Auto,Four-Door Car,61,0
Oregon,M,College,5251,59537,66,Personal Auto,Two-Door Car,316,0
Oregon,M,High School or Below,6743,0,199,Personal Auto,Luxury,955,0
Oregon,M,College,14014,54193,117,Corporate Auto,SUV,720,0
Oregon,M,College,9438,86946,118,Personal Auto,Four-Door Car,340,0
Oregon,F,Bachelor,10506,0,92,Personal Auto,Four-Door Car,546,0
Arizona,F,High School or Below,4213,12160,109,Personal Auto,Four-Door Car,489,0
Oregon,M,College,4773,33701,63,Personal Auto,Four-Door Car,171,0
Washington,F,Bachelor,5441,85702,67,Personal Auto,Two-Door Car,249,0
Oregon,M,Bachelor,2842,69417,73,Personal Auto,Four-Door Car,30,1
Oregon,M,Master,3059,38644,78,Personal Auto,Four-Door Car,361,1
Oregon,F,High School or Below,20314,63209,102,Personal Auto,SUV,207,2
Arizona,F,Bachelor,3239,16061,88,Personal Auto,Four-Door Car,633,0
California,F,Master,4626,79487,114,Special Auto,SUV,547,0
California,F,College,8997,54230,112,Personal Auto,Two-Door Car,537,0
Oregon,Unknown,Bachelor,7936,39295,193,Personal Auto,Four-Door Car,404,0
